,pred_Happiness_Score
0,4.849781958463296
1,4.948343939282644
2,7.10731057240544
3,6.766149069340244
4,4.259540875644706
5,4.549502375687754
6,4.522527189612459
7,7.457114176175082
8,6.436426075760783
9,6.973334768327107
10,5.049792481315568
11,3.9252730980882506
12,5.843461916011294
13,7.31125397129373
14,3.8703049965095504
15,5.756752553091678
16,5.106533920476633
17,4.364777853331267
18,4.216288064919587
19,5.578011666182206
20,4.336012972038732
21,3.698985094367679
22,5.219960060858283
23,3.480231665491336
24,6.063217385827604
25,7.2665275082848835
26,5.932062844670911
27,7.525796020261359
28,4.910727678262083
29,4.495337052804071
30,6.496975467816985
31,6.313247019683572
32,3.728616696304108
33,5.513896013094988
34,4.80013800558982
35,4.3110040354282315
36,4.714285337126314
37,5.252484933646184
38,6.4546054472963235
